"lakename","year4","daynum","sampledate","depth","tn_ug","tp_ug","nh34","no23","po4"
"Paul Lake",1991,147,1991-05-27,0,483,8,18.981,10.299,8
"Paul Lake",1991,154,1991-06-03,0,512,17,20.736,5.934,4
"Peter Lake",1991,155,1991-06-04,0,573,5,21.533,3.818,4
"West Long Lake",1991,157,1991-06-06,0,490,4,26.585,2.465,4
"Paul Lake",1991,161,1991-06-10,0,421,11,20.303,11.381,6
"Peter Lake",1991,162,1991-06-11,0,296,9,14.579,6.827,4
"East Long Lake",1991,163,1991-06-12,0,470,16,21.366,9.308,15
"West Long Lake",1991,164,1991-06-13,0,497,20,24.333,6.376,6
"Paul Lake",1991,168,1991-06-17,0,474,8,6.441,2.375,5
"Peter Lake",1991,169,1991-06-18,0,321,8,5.749,2.429,4
"East Long Lake",1991,170,1991-06-19,0,480,19,7.02,2.877,4
"West Long Lake",1991,171,1991-06-20,0,454,16,5.4,1.817,3
"Paul Lake",1991,175,1991-06-24,0,400,9,19.559,1.55,4
"Peter Lake",1991,176,1991-06-25,0,292,4,5.817,1.51,4
"East Long Lake",1991,177,1991-06-26,0,514,17,15.947,2.442,6
"West Long Lake",1991,178,1991-06-27,0,523,11,24.45,3.249,3
"Paul Lake",1991,182,1991-07-01,0,506,9,21.958,11.954,7
"Peter Lake",1991,183,1991-07-02,0,346,10,12.448,2.742,7
"East Long Lake",1991,184,1991-07-03,0,538,14,14.687,4.295,5
"West Long Lake",1991,185,1991-07-04,0,489,16,18.946,7.886,12
"Paul Lake",1991,189,1991-07-08,0,341,11,18.406,5.232,3
"Peter Lake",1991,190,1991-07-09,0,266,5,9.495,8.907,12
"East Long Lake",1991,191,1991-07-10,0,405,15,13.776,3.102,2
"West Long Lake",1991,192,1991-07-11,0,430,20,14.614,2.719,2
"Paul Lake",1991,196,1991-07-15,0,436,9,21.606,3.5,3
"Peter Lake",1991,197,1991-07-16,0,490,9,24.334,5.071,4
"East Long Lake",1991,198,1991-07-17,0,599,10,23.377,4.245,4
"West Long Lake",1991,199,1991-07-18,0,542,6,17.852,3.95,4
"Paul Lake",1991,203,1991-07-22,0,431,6,20.225,3.863,0
"Peter Lake",1991,204,1991-07-23,0,364,7,17.35,3.003,1
"East Long Lake",1991,205,1991-07-24,0,523,13,14.443,2.612,2
"West Long Lake",1991,206,1991-07-25,0,530,13,17.856,2.493,0
"Paul Lake",1991,210,1991-07-29,0,442,9,8.904,2.993,1
"East Long Lake",1991,212,1991-07-31,0,580,8,9.771,2.694,0
"West Long Lake",1991,213,1991-08-01,0,457,14,6.836,1.991,0
"Paul Lake",1991,217,1991-08-05,0,380,11,8.653,1.32,8
"Peter Lake",1991,218,1991-08-06,0,288,10,4.556,0.463,2
"East Long Lake",1991,219,1991-08-07,0,440,15,9.219,0.674,5
"West Long Lake",1991,220,1991-08-08,0,472,14,14.861,2.025,3
"Paul Lake",1991,224,1991-08-12,0,383,7,16.211,0.314,0
"Peter Lake",1991,225,1991-08-13,0,317,12,8.638,0.579,1
"East Long Lake",1991,226,1991-08-14,0,442,15,11.581,0.427,1
"West Long Lake",1991,227,1991-08-15,0,498,10,12.349,0.099,0
"Paul Lake",1991,231,1991-08-19,0,415,8,11.667,1.685,5
"Peter Lake",1991,232,1991-08-20,0,280,12,9.608,1.294,5
"East Long Lake",1991,233,1991-08-21,0,518,10,14.012,1.234,7
"West Long Lake",1991,234,1991-08-22,0,459,8,12.775,2.138,7
"East Long Lake",1992,146,1992-05-25,0,615.76,14.3,34.71,7.07,6
"West Long Lake",1992,147,1992-05-26,0,522.53,7.74,19.26,0,29
"Paul Lake",1992,148,1992-05-27,0,301.32,22.62,6.22,0,0
"Peter Lake",1992,148,1992-05-27,0,272,5.65,15.02,0.08,11
"East Long Lake",1992,160,1992-06-08,0,490.53,20.71,11.45,3.33,4
"West Long Lake",1992,161,1992-06-09,0,325.03,2.69,17.27,2.35,3
"Paul Lake",1992,162,1992-06-10,0,299.61,7.39,9.94,4.92,3
"Peter Lake",1992,162,1992-06-10,0,258.24,8.3,8.16,1.36,4
"East Long Lake",1992,174,1992-06-22,0,735.41,19.4,14.61,5.17,8
"West Long Lake",1992,175,1992-06-23,0,303.17,3.08,10.24,1.45,6
"Paul Lake",1992,176,1992-06-24,0,182.91,8.78,8.13,2.47,6
"Peter Lake",1992,176,1992-06-24,0,219.72,0,10.81,1.81,6
"East Long Lake",1992,188,1992-07-06,0,523.37,17.79,13.96,4.23,4
"West Long Lake",1992,189,1992-07-07,0,517.3,13.23,6.8,4.32,7
"Paul Lake",1992,190,1992-07-08,0,191.37,36.07,17.27,18.06,3
"Peter Lake",1992,190,1992-07-08,0,329.07,13.68,7.58,5.37,5
"East Long Lake",1992,202,1992-07-20,0,657.69,17.19,14.8,3.93,9
"West Long Lake",1992,203,1992-07-21,0,479.31,7.92,7.83,1.84,6
"Paul Lake",1992,204,1992-07-22,0,442.31,19.65,12.59,1.9,6
"Peter Lake",1992,204,1992-07-22,0,292.63,11.23,8.01,1.69,5
"East Long Lake",1992,216,1992-08-03,0,380.62,9.27,21.37,4.78,5
"Paul Lake",1992,218,1992-08-05,0,495.36,11.21,10.53,2.32,10
"Peter Lake",1992,218,1992-08-05,0,376.94,7.52,8.97,3.83,8
"East Long Lake",1992,230,1992-08-17,0,399.07,9.35,22,3.66,1
"West Long Lake",1992,231,1992-08-18,0,382.08,13.15,19.49,0.05,1
"Paul Lake",1992,232,1992-08-19,0,490.26,9.61,16.77,0.5,1
"Peter Lake",1992,232,1992-08-19,0,301.57,9.04,22.25,0,1
"East Long Lake",1993,137,1993-05-17,0,616.026,17.773,7.855,2.044,4
"West Long Lake",1993,138,1993-05-18,0,465.68,11.783,3.336,1.328,1
"Peter Lake",1993,139,1993-05-19,0,373.081,18.534,0,5.497,1
"Paul Lake",1993,140,1993-05-20,0,248.665,10.697,0,1.147,2
"Central Long Lake",1993,141,1993-05-21,0,343.02,9.194,5.533,1.832,1
"East Long Lake",1993,144,1993-05-24,0,632.725,28.271,10.863,3.127,8
"West Long Lake",1993,145,1993-05-25,0,381.199,8.381,9.258,0,6
"Peter Lake",1993,146,1993-05-26,0,312.593,16.814,9.701,9.925,2
"Paul Lake",1993,147,1993-05-27,0,258.3,7.001,8.658,3.21,1
"East Long Lake",1993,151,1993-05-31,0,725.934,28.717,6.036,2.383,5
"West Long Lake",1993,152,1993-06-01,0,531.89,15.964,9.376,16.388,3
"Peter Lake",1993,153,1993-06-02,0,414.602,24.58,10.638,11.537,3
"Paul Lake",1993,154,1993-06-03,0,45.67,7.443,4.374,2.118,1
"Central Long Lake",1993,155,1993-06-04,0,375.485,18.74,19.157,14.584,2
"East Long Lake",1993,158,1993-06-07,0,803.73,46.746,18.596,9.335,12
"West Long Lake",1993,159,1993-06-08,0,532.514,16.697,25.734,23.685,2
"Peter Lake",1993,160,1993-06-09,0,514.523,32.909,20.739,39.475,4
"Paul Lake",1993,161,1993-06-10,0,117.556,5.361,11.071,3.403,2
"Tuesday Lake",1993,162,1993-06-11,0,237.363,15.231,5.535,1.899,0
"East Long Lake",1993,165,1993-06-14,0,666.732,18.376,25.788,5.039,3
"West Long Lake",1993,166,1993-06-15,0,1252,63.243,57.335,49.376,5
"Peter Lake",1993,167,1993-06-16,0,616.316,51.881,89.413,79.911,5
"Paul Lake",1993,168,1993-06-17,0,149.364,11.38,7.684,5.125,0
"Central Long Lake",1993,169,1993-06-18,0,438.363,29.226,118.673,81.234,7
"East Long Lake",1993,172,1993-06-21,0,633.05,25.381,98.621,58.729,3
"West Long Lake",1993,173,1993-06-22,0,610.439,19.421,83.812,85.798,6
"Peter Lake",1993,174,1993-06-23,0,605.458,41.97,58.699,48.244,8
"Paul Lake",1993,175,1993-06-24,0,342.826,12.604,75.649,1.766,2
"Tuesday Lake",1993,176,1993-06-25,0,384.514,12.121,20.239,2.128,3
"East Long Lake",1993,179,1993-06-28,0,681.915,30.81,136.689,80.887,8
"West Long Lake",1993,180,1993-06-29,0,523.234,32.3,65.286,92.567,3
"Peter Lake",1993,181,1993-06-30,0,418.173,25.141,0,4.579,2
"Paul Lake",1993,182,1993-07-01,0,395.482,9.072,10.168,4.432,1
"Central Long Lake",1993,183,1993-07-02,0,666.215,19.041,108.111,152.981,1
"Peter Lake",1993,202,1993-07-21,0,395.31,23.143,4.312,8.945,1
"Paul Lake",1993,203,1993-07-22,0,345.66,8.689,9.121,0.789,1
"East Long Lake",1993,207,1993-07-26,0,762.998,29.006,58.068,81.426,5
"West Long Lake",1993,208,1993-07-27,0,695.265,34.115,152.922,183.31,4
"Peter Lake",1993,209,1993-07-28,0,352.001,27.056,35.613,26.438,3
"Paul Lake",1993,210,1993-07-29,0,281.421,7.108,2.048,1.417,1
"East Long Lake",1993,214,1993-08-02,0,895.54,23.416,166.947,94.402,9
"West Long Lake",1993,215,1993-08-03,0,781.871,32.812,199.237,150.499,1
"Peter Lake",1993,216,1993-08-04,0,641.684,21.373,6.303,30.8,1
"Paul Lake",1993,217,1993-08-05,0,298.507,9.888,11.436,1.763,1
"Tuesday Lake",1993,218,1993-08-06,0,357.603,10.958,8.06,2.396,1
"East Long Lake",1993,221,1993-08-09,0,819.938,23.238,205.544,86.158,4
"West Long Lake",1993,222,1993-08-10,0,775.41,15.545,254.956,182.785,4
"Peter Lake",1993,223,1993-08-11,0,517.016,25.603,15.706,16.092,0
"Paul Lake",1993,224,1993-08-12,0,187.672,11.542,39.431,1.439,0
"Central Long Lake",1993,225,1993-08-13,0,421.757,21.588,82.521,75.328,1
"East Long Lake",1993,228,1993-08-16,0,753.194,29.176,198.803,144.864,6
"West Long Lake",1993,229,1993-08-17,0,938.649,29.394,288.009,250.97,4
"Peter Lake",1993,230,1993-08-18,0,513.473,21.112,4.847,6.293,1
"Paul Lake",1993,231,1993-08-19,0,171.015,10.257,0,0,0
"Tuesday Lake",1993,232,1993-08-20,0,258.744,9.723,0,5.554,1
"East Long Lake",1993,235,1993-08-23,0,549.719,20.929,177.595,130.48,3
"West Long Lake",1993,236,1993-08-24,0,826.533,21.007,242.314,213.327,0
"Peter Lake",1993,237,1993-08-25,0,465.333,18.787,0.317,1.658,0
"Paul Lake",1993,238,1993-08-26,0,163.148,7.732,8.239,0.066,0
"Central Long Lake",1993,239,1993-08-27,0,403.883,17.789,41.453,64.917,2
"East Long Lake",1993,242,1993-08-30,0,621.891,30.197,82.049,137.552,2
"West Long Lake",1993,242,1993-08-30,0,959,31.951,221.765,195.956,1
"Paul Lake",1993,243,1993-08-31,0,277.235,11.321,0,2.026,0
"Peter Lake",1993,243,1993-08-31,0,448.049,18.417,0,2.969,0
"Central Long Lake",1993,246,1993-09-03,0,432.545,23.765,37.221,79.161,3
"Tuesday Lake",1993,246,1993-09-03,0,407.098,10.545,4.414,4.239,2
"East Long Lake",1993,249,1993-09-06,0,915.298,24.736,254.75,128.668,4
"West Long Lake",1993,249,1993-09-06,0,1066,31.752,211.618,191.212,3
"Paul Lake",1993,250,1993-09-07,0,223.799,11.671,0,4.672,2
"Peter Lake",1993,250,1993-09-07,0,420.378,20.819,1.364,2.506,1
"East Long Lake",1994,143,1994-05-23,0,611.282,19.669,15.109,5.596,3.141
"Peter Lake",1994,145,1994-05-25,0,460.791,14.504,13.789,2.862,2.337
"Paul Lake",1994,146,1994-05-26,0,417.345,17.09,13.631,3.664,2.632
"Central Long Lake",1994,147,1994-05-27,0,386.644,8.19,20.188,3.128,5.999
"East Long Lake",1994,150,1994-05-30,0,521.864,21.013,12.384,4.385,4.27
"West Long Lake",1994,151,1994-05-31,0,424.086,13.914,13.644,5.421,1.282
"Peter Lake",1994,152,1994-06-01,0,379.781,12.581,11.417,9.359,1.848
"East Long Lake",1994,157,1994-06-06,0,734.455,26.585,58.376,50.96,2.239
"West Long Lake",1994,158,1994-06-07,0,516.421,11.258,38.218,18.251,1.016
"Peter Lake",1994,159,1994-06-08,0,509.244,16.359,15.81,10.064,1.557
"Paul Lake",1994,160,1994-06-09,0,437.168,16.697,8.26,4.259,2.076
"Central Long Lake",1994,161,1994-06-10,0,589.607,10.323,27.606,56.348,1.977
"East Long Lake",1994,164,1994-06-13,0,645.865,13.854,62.34,40.596,1.895
"West Long Lake",1994,165,1994-06-14,0,617.945,12.45,33.138,34.042,1.249
"Peter Lake",1994,166,1994-06-15,0,477.839,15.346,18.911,1.117,1.07
"Paul Lake",1994,167,1994-06-16,0,423.307,13.946,7.221,1.848,0.982
"Tuesday Lake",1994,168,1994-06-17,0,442.174,14.954,6.407,1.69,1.018
"East Long Lake",1994,171,1994-06-20,0,618.325,20.885,92.846,71.013,2.348
"West Long Lake",1994,172,1994-06-21,0,639.792,18.934,30.261,53.898,0.45
"Peter Lake",1994,173,1994-06-22,0,480.66,19.304,14.8,7.688,2.349
"Paul Lake",1994,174,1994-06-23,0,422.934,10.605,11.994,2.699,1.036
"East Long Lake",1994,178,1994-06-27,0,676.4,19.004,46.953,94.614,2.096
"West Long Lake",1994,179,1994-06-28,0,851.832,22.825,26.456,61.88,1.781
"Peter Lake",1994,180,1994-06-29,0,609.005,24.788,30.133,10.607,1.807
"Paul Lake",1994,181,1994-06-30,0,439.984,15.738,19.486,2.787,5.07
"Tuesday Lake",1994,182,1994-07-01,0,544.695,15.675,25.342,1.877,1.513
"Peter Lake",1994,187,1994-07-06,0,571.092,24.207,49.395,37.282,6.265
"Paul Lake",1994,188,1994-07-07,0,412.669,21.763,16.571,4.681,2.436
"East Long Lake",1994,192,1994-07-11,0,907.7,24.693,12.276,136.299,2.172
"West Long Lake",1994,193,1994-07-12,0,957.919,16.83,147.396,97.262,1.525
"Peter Lake",1994,194,1994-07-13,0,746.728,19.149,22.593,49.247,0.896
"Paul Lake",1994,195,1994-07-14,0,402.942,4.501,3.935,2.438,0.823
"Tuesday Lake",1994,196,1994-07-15,0,450.242,14.502,2.439,2.6,0.912
"East Long Lake",1994,199,1994-07-18,0,880.044,21.491,48.906,144.414,3.019
"West Long Lake",1994,200,1994-07-19,0,1161.23,20.22,133.506,111.79,2.298
"Peter Lake",1994,201,1994-07-20,0,699.476,23.381,8.049,0.421,2.279
"Paul Lake",1994,202,1994-07-21,0,387.608,11.473,5.831,4.901,1.604
"Central Long Lake",1994,203,1994-07-22,0,799.292,20.43,106.271,120.824,1.693
"East Long Lake",1994,206,1994-07-25,0,815.852,15.436,113.908,174.352,3.843
"West Long Lake",1994,207,1994-07-26,0,991.104,20.54,133.304,121.23,2.881
"Peter Lake",1994,208,1994-07-27,0,779.086,21.692,7.239,3.69,2.633
"Paul Lake",1994,209,1994-07-28,0,375.783,7.527,3.008,2.37,3.708
"Tuesday Lake",1994,210,1994-07-29,0,464.449,15.546,2.809,2.165,2.713
"East Long Lake",1994,213,1994-08-01,0,876.195,20.045,114.679,185.206,1.309
"West Long Lake",1994,214,1994-08-02,0,1250.195,23.625,136.113,126.278,0.967
"Peter Lake",1994,215,1994-08-03,0,814.424,24.463,3.017,2.053,0.65
"Paul Lake",1994,216,1994-08-04,0,499.251,9.512,9.548,2.125,0.466
"Central Long Lake",1994,217,1994-08-05,0,891.035,21.078,193.131,130.911,0.44
"East Long Lake",1994,220,1994-08-08,0,977.386,20.45,121.247,215.351,2.324
"West Long Lake",1994,221,1994-08-09,0,1342.33,21.268,286.977,165.172,2.115
"Peter Lake",1994,222,1994-08-10,0,833.706,36.581,86.092,34.278,0.828
"Paul Lake",1994,223,1994-08-11,0,498.227,7.43,5.12,2.739,1.299
"Tuesday Lake",1994,224,1994-08-12,0,474.994,14.492,3.666,3.492,0.826
"East Long Lake",1994,227,1994-08-15,0,1080.365,33.942,149.908,230.087,2.783
"Peter Lake",1994,229,1994-08-17,0,807.511,16.842,94.697,49.864,2.063
"Paul Lake",1994,230,1994-08-18,0,408.059,10.515,9.403,1.428,1.523
"Central Long Lake",1994,231,1994-08-19,0,802.309,20.449,130.076,156.78,2.349
"East Long Lake",1994,234,1994-08-22,0,1056.517,24.365,152.448,237.179,2.533
"Peter Lake",1994,236,1994-08-24,0,653.576,22.552,77.811,59.668,2.403
"Paul Lake",1994,237,1994-08-25,0,424.318,8.694,9.775,2.348,0.729
"Tuesday Lake",1994,238,1994-08-26,0,434.383,18.663,8.184,2.736,0.478
"East Long Lake",1994,241,1994-08-29,0,907.374,20.554,222.544,257.112,4.213
"Peter Lake",1994,243,1994-08-31,0,747.822,14.551,111.259,91.963,1.779
"Paul Lake",1994,244,1994-09-01,0,437.397,10.192,13.376,5.957,0.836
"Central Long Lake",1994,245,1994-09-02,0,953.063,15.166,249.978,169.274,1.725
"Tuesday Lake",1994,245,1994-09-02,0,474.832,9.99,4.361,2.017,0.593
"East Long Lake",1994,248,1994-09-05,0,1133.331,22.52,252.781,256.229,1.182
"West Long Lake",1994,248,1994-09-05,0,1500,22.294,440.277,212.078,2.05
"Paul Lake",1994,249,1994-09-06,0,557.812,16.281,10.272,4.39,0.467
"Peter Lake",1994,249,1994-09-06,0,680.558,16.281,116.107,99.193,1.133
"East Long Lake",1995,142,1995-05-22,0,813.526,45.57,10.928,5.778,5.794
"West Long Lake",1995,143,1995-05-23,0,862.127,18.976,271.463,104.084,3.618
"Peter Lake",1995,144,1995-05-24,0,436.333,18.922,10.342,72.863,4.086
"Paul Lake",1995,145,1995-05-25,0,291.78,7.287,6.253,2.059,1.372
"Central Long Lake",1995,146,1995-05-26,0,499.399,11.795,5.686,2.31,2.219
"Tuesday Lake",1995,146,1995-05-26,0,449.965,14.176,6.575,2.044,2.702
"East Long Lake",1995,149,1995-05-29,0,626.509,30.214,7.819,6.172,2.347
"West Long Lake",1995,150,1995-05-30,0,757.715,14.673,239.557,115.754,1.45
"Peter Lake",1995,151,1995-05-31,0,444.782,15.279,9.86,63.721,0.916
"Paul Lake",1995,152,1995-06-01,0,342.14,14.365,16.443,2.763,0.148
"Central Long Lake",1995,153,1995-06-02,0,581.928,21.683,11.35,4.159,2.66
"West Long Lake",1995,157,1995-06-06,0,718.56,15.944,129.859,91.764,2.646
"Peter Lake",1995,158,1995-06-07,0,388.163,10.974,23.319,49.61,3.685
"Paul Lake",1995,159,1995-06-08,0,307.812,1.222,8.879,4.075,3.657
"Central Long Lake",1995,160,1995-06-09,0,862.231,34.955,23.36,17.74,1.572
"Tuesday Lake",1995,160,1995-06-09,0,394.677,8.502,2.593,3.244,3.33
"East Long Lake",1995,163,1995-06-12,0,830.202,35.475,11.732,9.277,3.132
"West Long Lake",1995,164,1995-06-13,0,763.148,13.194,146.005,109.769,1.736
"Peter Lake",1995,165,1995-06-14,0,478.125,13.505,19.993,58.04,1.317
"Paul Lake",1995,166,1995-06-15,0,338.845,6.448,9.692,1.843,1.22
"Central Long Lake",1995,167,1995-06-16,0,687.194,18.282,81.501,19.823,0.467
"East Long Lake",1995,170,1995-06-19,0,807.05,27.335,14.121,9.38,4.247
"West Long Lake",1995,171,1995-06-20,0,717.85,18.92,95.513,107.286,1.077
"Peter Lake",1995,172,1995-06-21,0,486.462,12.958,18.306,58.865,1.226
"Paul Lake",1995,173,1995-06-22,0,324.447,5.567,12.21,0.539,1.858
"Central Long Lake",1995,174,1995-06-23,0,751.147,23.409,33.56,44.999,0
"Tuesday Lake",1995,174,1995-06-23,0,489.366,12.644,9.706,2.819,0.557
"East Long Lake",1995,177,1995-06-26,0,1111.126,49.522,78.413,82.52,1.472
"West Long Lake",1995,178,1995-06-27,0,713.944,17.658,91.527,121.611,0
"Peter Lake",1995,179,1995-06-28,0,535.325,14.59,34.268,66.545,0
"Paul Lake",1995,180,1995-06-29,0,422.26,10.353,21.643,5.331,0.736
"Central Long Lake",1995,181,1995-06-30,0,952.28,30.368,94.916,89.952,2.02
"East Long Lake",1995,184,1995-07-03,0,1251.423,69.952,71.855,139.386,1.941
"West Long Lake",1995,185,1995-07-04,0,806.222,16.558,143.84,125.561,1.887
"Peter Lake",1995,186,1995-07-05,0,576.806,19.982,13.667,79.151,0.666
"Paul Lake",1995,187,1995-07-06,0,335.737,10.42,26.361,6.323,2.873
"Central Long Lake",1995,188,1995-07-07,0,938.918,27.468,90.026,99.216,2.963
"Tuesday Lake",1995,188,1995-07-07,0,454.326,10.158,6.719,2.79,0.948
"East Long Lake",1995,191,1995-07-10,0,1031.503,41.847,93.267,156.377,2.774
"West Long Lake",1995,192,1995-07-11,0,672.858,14.22,139.249,128.874,1.76
"Peter Lake",1995,193,1995-07-12,0,582.801,19.157,13.762,62.473,0.83
"Paul Lake",1995,194,1995-07-13,0,379.554,10.444,16.969,5.912,0.46
"Central Long Lake",1995,195,1995-07-14,0,700.279,22.854,28.612,93.599,1.026
"East Long Lake",1995,198,1995-07-17,0,1119.408,25.909,142.829,198.175,4.387
"West Long Lake",1995,199,1995-07-18,0,722.114,16.584,156.417,137.966,0
"Peter Lake",1995,200,1995-07-19,0,590.792,19.617,13.529,42.341,0.938
"Paul Lake",1995,201,1995-07-20,0,306.801,8.151,17.282,6.119,1.48
"Central Long Lake",1995,202,1995-07-21,0,901.954,23.619,59.194,123.661,2.9
"East Long Lake",1995,205,1995-07-24,0,1041.733,28.385,106.453,253.18,1.285
"West Long Lake",1995,206,1995-07-25,0,845.591,20.624,99.547,150.325,0.502
"Peter Lake",1995,207,1995-07-26,0,688.018,21.664,12.064,16.348,2.018
"Paul Lake",1995,208,1995-07-27,0,325.446,10.728,10.387,0.631,1.656
"Central Long Lake",1995,209,1995-07-28,0,874.442,26.624,32.465,118.65,2.38
"East Long Lake",1995,212,1995-07-31,0,1138.167,36.684,168.904,282.433,2.728
"West Long Lake",1995,213,1995-08-01,0,741.087,18.731,118.14,146.386,2.503
"Peter Lake",1995,214,1995-08-02,0,688.511,23.225,5.748,5.642,2.427
"Paul Lake",1995,215,1995-08-03,0,419.592,10.973,13.018,0.923,1.321
"Central Long Lake",1995,216,1995-08-04,0,868.624,37.27,42.464,139.252,0.774
"Tuesday Lake",1995,216,1995-08-04,0,284.274,7.071,12.578,1.773,0.144
"East Long Lake",1995,219,1995-08-07,0,1044.002,34.133,178.219,313.171,4.601
"West Long Lake",1995,220,1995-08-08,0,692.521,16.522,69.486,121.227,0.509
"Peter Lake",1995,221,1995-08-09,0,686.848,24.684,8.216,7.193,2.046
"Paul Lake",1995,222,1995-08-10,0,431.447,10.538,10.487,1.257,1.263
"Central Long Lake",1995,223,1995-08-11,0,787.525,23.997,33.906,138.832,1.815
"East Long Lake",1995,226,1995-08-14,0,1126.703,28.921,187.61,336.995,4.744
"West Long Lake",1995,227,1995-08-15,0,762.382,16.605,93.283,136.443,0.864
"Peter Lake",1995,228,1995-08-16,0,754.679,22.252,3.019,4.349,2.6
"Paul Lake",1995,229,1995-08-17,0,331.686,8.368,3.664,2.458,1.69
"Central Long Lake",1995,230,1995-08-18,0,806.39,22.613,46.992,145.419,3.07
"Tuesday Lake",1995,230,1995-08-18,0,366.53,8.69,13.253,1.251,0.979
"East Long Lake",1995,233,1995-08-21,0,1287.391,32.482,210.179,387.62,3.194
"West Long Lake",1995,234,1995-08-22,0,732.909,12.522,100.182,136.253,1.18
"Peter Lake",1995,235,1995-08-23,0,692.486,21.661,17.985,3.75,2.381
"Paul Lake",1995,236,1995-08-24,0,381.551,9.231,7.465,2.005,2.126
"Central Long Lake",1995,237,1995-08-25,0,915.738,26.249,62.841,114.918,2.323
"Paul Lake",1996,148,1996-05-27,0,244.87,13.689,6.768,2.193,5.723
"Peter Lake",1996,149,1996-05-28,0,312.133,15.573,17.509,37.764,10.493
"West Long Lake",1996,150,1996-05-29,0,494.511,19.222,9.353,140.504,9.004
"East Long Lake",1996,151,1996-05-30,0,628.811,29.426,7.268,92.889,10.13
"Tuesday Lake",1996,152,1996-05-31,0,378.652,12.798,17.097,3.702,6.324
"Paul Lake",1996,176,1996-06-24,0,391.882,7.583,7.141,7.825,3.468
"Peter Lake",1996,177,1996-06-25,0,1962.902,49.435,230.895,217.75,11.77
"West Long Lake",1996,178,1996-06-26,0,2061.226,34.826,515.391,589.574,4.956
"East Long Lake",1996,179,1996-06-27,0,2608.956,101.05,869.328,634.587,62.535
"Tuesday Lake",1996,180,1996-06-28,0,423.608,12.711,18.735,1.605,2.291
"Paul Lake",1996,204,1996-07-22,0,351.499,7.967,8.329,2.906,0.687
"Peter Lake",1996,205,1996-07-23,0,2048.151,64.383,532.858,451.758,5.624
"West Long Lake",1996,206,1996-07-24,0,2870.302,53.424,1384.272,878.939,8.204
"Paul Lake",1997,146,1997-05-26,0,412.409,13.57,34.55,15.485,3.077
"Peter Lake",1997,147,1997-05-27,0,508.968,13.334,22.591,188.394,3.099
"West Long Lake",1997,148,1997-05-28,0,629.512,23.013,26.455,455.229,3.75
"East Long Lake",1997,149,1997-05-29,0,933.84,47.033,36.392,159.744,3.445
"Paul Lake",1997,174,1997-06-23,0,477.193,9.206,16.58,0.839,1.975
"Peter Lake",1997,175,1997-06-24,0,917.878,21.881,25.692,290.803,5.93
"West Long Lake",1997,176,1997-06-25,0,1147.122,31.75,83.627,502.651,2.027
"East Long Lake",1997,177,1997-06-26,0,1258.329,65.415,315.517,382.369,26.065
"Tuesday Lake",1997,178,1997-06-27,0,431.008,8.193,32.051,0.841,1.729
"Paul Lake",1997,202,1997-07-21,0,374.651,9.42,13.505,2.448,2.011
"Peter Lake",1997,203,1997-07-22,0,1162.929,25.869,10.216,317.931,1.976
"West Long Lake",1997,204,1997-07-23,0,1464.382,32.467,334.607,527.298,7.856
"East Long Lake",1997,205,1997-07-24,0,1670.165,77.373,367.813,560.655,34.631
"Paul Lake",1997,230,1997-08-18,0,360.28,13.873,10.344,11.25,0
"Peter Lake",1997,231,1997-08-19,0,1251.84,41.426,6.642,272.335,8.218
"West Long Lake",1997,232,1997-08-20,0,1402.538,42.245,295.976,608.7,6.213
"East Long Lake",1997,233,1997-08-21,0,1404.285,62.844,102.553,627.069,10.038
"Tuesday Lake",1997,234,1997-08-22,0,420.112,12.795,11.603,3.074,1.459
"Paul Lake",1998,145,1998-05-25,0,473.371,7.743,24.666,4.178,4.122
"Peter Lake",1998,146,1998-05-26,0,593.138,8.475,14.821,5.033,6.541
"West Long Lake",1998,147,1998-05-27,0,747.818,18.595,12.904,7.56,1.848
"East Long Lake",1998,148,1998-05-28,0,872.845,44.352,17.767,5.667,7.26
"Tuesday Lake",1998,149,1998-05-29,0,533.887,6.325,32.234,5.035,3.648
"Paul Lake",1998,173,1998-06-22,0,628.625,5.564,15.343,2.425,2.962
"Peter Lake",1998,174,1998-06-23,0,587.544,8.086,15.322,0.819,3.152
"West Long Lake",1998,175,1998-06-24,0,756.505,23.982,29.257,8.189,1.537
"East Long Lake",1998,176,1998-06-25,0,781.559,65.364,29.943,11.225,6.52
"Tuesday Lake",1998,176,1998-06-25,0,461.542,6.786,8.163,3.949,0.959
"Paul Lake",1998,201,1998-07-20,0,338.512,2.305,13.237,1.151,1.499
"Peter Lake",1998,202,1998-07-21,0,537.964,8.593,7.981,4.868,7.327
"West Long Lake",1998,203,1998-07-22,0,690.243,30.083,13.649,2.132,2.843
"East Long Lake",1998,204,1998-07-23,0,811.618,35.111,10.509,4.317,2.265
"Tuesday Lake",1998,205,1998-07-24,0,417.893,10.471,7.915,2.851,0
"Paul Lake",1998,236,1998-08-24,0,576.302,8.005,24.279,5.386,4.77
"Peter Lake",1998,237,1998-08-25,0,488.017,13.222,6.349,0.988,1.659
"West Long Lake",1998,238,1998-08-26,0,747.487,23.595,20.618,4.841,8.047
"East Long Lake",1998,239,1998-08-27,0,630.354,22.892,19.072,5.797,1.946
"Tuesday Lake",1998,239,1998-08-27,0,328.41,13.539,4.395,1.718,1.427
"Paul Lake",1999,144,1999-05-24,0,340.252,8.806,21.375,4.255,1.106
"Peter Lake",1999,144,1999-05-24,0,560.862,11.14,15.55,35.375,0.943
"Hummingbird Lake",1999,145,1999-05-25,0,779.053,34.033,21.248,5.013,1.798
"Tuesday Lake",1999,145,1999-05-25,0,371.565,12.081,11.558,2.481,1.35
"West Long Lake",1999,146,1999-05-26,0,469.071,13.949,39.337,5.623,1.75
"Crampton Lake",1999,162,1999-06-11,0,358.36,12.123,32.664,1.637,1.608
"Paul Lake",1999,172,1999-06-21,0,393.202,15.827,26.973,5.075,0.75
"Peter Lake",1999,172,1999-06-21,0,538.694,16.863,22.951,1.858,0.954
"Hummingbird Lake",1999,173,1999-06-22,0,967.986,42.119,22.205,7.577,1.24
"Tuesday Lake",1999,173,1999-06-22,0,482.668,13.365,23.922,2.098,1.145
"East Long Lake",1999,174,1999-06-23,0,893.427,55.793,22.136,4.817,3.15
"West Long Lake",1999,174,1999-06-23,0,620.146,19.159,22.375,4.149,0.685
"Crampton Lake",1999,196,1999-07-15,0,376.304,5.803,19.284,0.631,0.983
"Paul Lake",1999,200,1999-07-19,0,355.795,5.253,14.758,5.033,3.13
"Peter Lake",1999,200,1999-07-19,0,594.585,8.732,9.38,1.333,1.255
"Hummingbird Lake",1999,201,1999-07-20,0,1221.96,32.765,15.226,8.317,3.263
"Tuesday Lake",1999,201,1999-07-20,0,554.418,7.834,16.929,1.621,0.512
"East Long Lake",1999,202,1999-07-21,0,788.066,50.132,9.845,4.551,2.017
"West Long Lake",1999,202,1999-07-21,0,640.932,31.538,9.298,2.055,1.708
"Paul Lake",1999,228,1999-08-16,0,395.547,11.063,11.579,3.994,0.02
"Peter Lake",1999,228,1999-08-16,0,588.069,11.917,7.545,1.625,1.703
"Hummingbird Lake",1999,229,1999-08-17,0,1177.679,35.96,20.501,9.112,3.042
"Tuesday Lake",1999,229,1999-08-17,0,532.824,11.017,15.191,1.653,1.172
"East Long Lake",1999,230,1999-08-18,0,843.096,33.656,16.274,5.225,3.27
"West Long Lake",1999,230,1999-08-18,0,693.544,29.834,16.001,2.516,3.064
"Crampton Lake",1999,232,1999-08-20,0,353.38,15.555,9.419,2.651,1.089
